{
  "version": 43,
  "pages": [
    {
      "elements": [
        {
          "opacity": 100,
          "flip": { "vertical": false, "horizontal": false },
          "rotationAngle": 0,
          "lockAspectRatio": true,
          "backgroundColor": { "color": { "r": 255, "g": 255, "b": 255 } },
          "x": 48,
          "y": 0,
          "width": 330,
          "height": 586,
          "mask": { "type": "rectangle" },
          "isBackground": true,
          "id": "f94c1f56-1c4e-461b-94b1-71919a5561d4",
          "type": "image",
          "scale": 100,
          "focalX": 50,
          "focalY": 50,
          "resource": {
            "type": "image",
            "mimeType": "image/png",
            "creationDate": "2020-09-22T08:23:37",
            "src": "https://replaceme.com/images/demo-story/image-1.png",
            "width": 330,
            "height": 586,
            "posterId": 0,
            "id": 12755,
            "title": "",
            "alt": "",
            "sizes": [],
            "isExternal": false
          }
        },
        {
          "opacity": 100,
          "flip": { "vertical": false, "horizontal": false },
          "rotationAngle": 0,
          "lockAspectRatio": true,
          "backgroundTextMode": "NONE",
          "font": {
            "family": "Poppins",
            "service": "fonts.google.com",
            "fallbacks": ["sans-serif"],
            "weights": [100, 200, 300, 400, 500, 600, 700, 800, 900],
            "styles": ["italic", "regular"],
            "variants": [
              [0, 100],
              [0, 200],
              [0, 300],
              [0, 400],
              [0, 500],
              [0, 600],
              [0, 700],
              [0, 800],
              [0, 900],
              [1, 100],
              [1, 200],
              [1, 300],
              [1, 400],
              [1, 500],
              [1, 600],
              [1, 700],
              [1, 800],
              [1, 900]
            ],
            "metrics": {
              "upm": 1000,
              "asc": 1050,
              "des": -350,
              "tAsc": 1050,
              "tDes": -350,
              "tLGap": 100,
              "wAsc": 1135,
              "wDes": 627,
              "xH": 548,
              "capH": 698,
              "yMin": -572,
              "yMax": 1065,
              "hAsc": 1050,
              "hDes": -350,
              "lGap": 100
            }
          },
          "fontSize": 44,
          "backgroundColor": { "color": { "r": 196, "g": 196, "b": 196 } },
          "lineHeight": 1.22,
          "textAlign": "left",
          "padding": { "locked": true, "horizontal": 0, "vertical": 0 },
          "title": "",
          "content": "<span style=\"font-weight: 700; font-style: italic; color: #fff\">L10N_PLACEHOLDER_1_1</span>",
          "width": 334,
          "height": 220,
          "scale": 100,
          "focalX": 50,
          "focalY": 50,
          "basedOn": "2a187a24-c4ae-4a0d-9911-cb60d11bb02b",
          "id": "103b0de3-c269-4dbc-bd68-568ef5b7dbd3",
          "x": 62,
          "y": 373,
          "type": "text"
        },
        {
          "opacity": 100,
          "flip": { "vertical": false, "horizontal": false },
          "rotationAngle": 0,
          "lockAspectRatio": true,
          "scale": 100,
          "focalX": 50,
          "focalY": 50,
          "resource": {
            "type": "image",
            "mimeType": "image/png",
            "creationDate": "2020-09-22T08:25:46",
            "src": "https://replaceme.com/images/demo-story/web-stories-logo.png",
            "width": 194,
            "height": 194,
            "posterId": 0,
            "id": 12757,
            "title": "",
            "alt": "Web Stories",
            "sizes": [],
            "isExternal": false
          },
          "type": "image",
          "x": 53,
          "y": 280,
          "width": 83,
          "height": 83,
          "mask": {
            "type": "rectangle",
            "showInLibrary": true,
            "name": "Rectangle",
            "path": "M 0,0 1,0 1,1 0,1 0,0 Z",
            "ratio": 1
          },
          "id": "1f6c6ae7-01b2-4edb-9626-dac1cb0e5e91"
        }
      ],
      "animations": [],
      "backgroundOverlay": "none",
      "backgroundColor": { "color": { "r": 21, "g": 22, "b": 22 } },
      "type": "page",
      "id": "cf91578e-22d6-424d-928a-8e0917cfa48d",
      "defaultBackgroundElement": {
        "opacity": 100,
        "flip": { "vertical": false, "horizontal": false },
        "rotationAngle": 0,
        "lockAspectRatio": true,
        "backgroundColor": { "color": { "r": 255, "g": 255, "b": 255 } },
        "x": 1,
        "y": 1,
        "width": 1,
        "height": 1,
        "mask": { "type": "rectangle" },
        "isBackground": true,
        "isDefaultBackground": true,
        "id": "ceeacb28-f8c6-45b4-aa80-46ab655a7c45",
        "type": "shape"
      }
    },
    {
      "elements": [
        {
          "opacity": 100,
          "flip": { "vertical": false, "horizontal": false },
          "rotationAngle": 0,
          "lockAspectRatio": true,
          "backgroundColor": { "color": { "r": 255, "g": 255, "b": 255 } },
          "x": -16,
          "y": 5,
          "width": 330,
          "height": 586,
          "mask": { "type": "rectangle" },
          "isBackground": true,
          "id": "ceed60ed-294a-4adb-a28a-2a285b2a320d",
          "type": "video",
          "scale": 100,
          "focalX": 50,
          "focalY": 50,
          "resource": {
            "type": "video",
            "mimeType": "video/mp4",
            "src": "https://replaceme.com/images/demo-story/video-1.mp4",
            "width": 824,
            "height": 1464,
            "poster": "https://replaceme.com/images/demo-story/video-1-poster.jpeg",
            "posterId": 12831,
            "id": 12830,
            "length": 4,
            "lengthFormatted": "0:04",
            "title": "",
            "alt": "",
            "sizes": [],
            "isExternal": false
          }
        },
        {
          "opacity": 84,
          "flip": { "vertical": false, "horizontal": false },
          "rotationAngle": 0,
          "lockAspectRatio": false,
          "backgroundTextMode": "NONE",
          "font": {
            "family": "Poppins",
            "service": "fonts.google.com",
            "fallbacks": ["sans-serif"],
            "weights": [100, 200, 300, 400, 500, 600, 700, 800, 900],
            "styles": ["italic", "regular"],
            "variants": [
              [0, 100],
              [0, 200],
              [0, 300],
              [0, 400],
              [0, 500],
              [0, 600],
              [0, 700],
              [0, 800],
              [0, 900],
              [1, 100],
              [1, 200],
              [1, 300],
              [1, 400],
              [1, 500],
              [1, 600],
              [1, 700],
              [1, 800],
              [1, 900]
            ]
          },
          "fontSize": 20,
          "backgroundColor": { "color": { "r": 196, "g": 196, "b": 196 } },
          "lineHeight": 1.3,
          "textAlign": "left",
          "padding": { "locked": true, "horizontal": 0, "vertical": 0 },
          "x": 42,
          "y": 501,
          "id": "004a2890-04b2-4cea-aa73-961f2450507f",
          "basedOn": "2a187a24-c4ae-4a0d-9911-cb60d11bb02b",
          "title": "",
          "content": "<span style=\"font-weight: 400; color: #fff\">L10N_PLACEHOLDER_2_2</span>",
          "width": 328,
          "height": 78,
          "scale": 100,
          "focalX": 50,
          "focalY": 50,
          "type": "text",
          "marginOffset": 0
        },
        {
          "opacity": 84,
          "flip": { "vertical": false, "horizontal": false },
          "rotationAngle": 0,
          "lockAspectRatio": true,
          "backgroundTextMode": "NONE",
          "font": {
            "family": "Poppins",
            "service": "fonts.google.com",
            "fallbacks": ["sans-serif"],
            "weights": [100, 200, 300, 400, 500, 600, 700, 800, 900],
            "styles": ["italic", "regular"],
            "variants": [
              [0, 100],
              [0, 200],
              [0, 300],
              [0, 400],
              [0, 500],
              [0, 600],
              [0, 700],
              [0, 800],
              [0, 900],
              [1, 100],
              [1, 200],
              [1, 300],
              [1, 400],
              [1, 500],
              [1, 600],
              [1, 700],
              [1, 800],
              [1, 900]
            ]
          },
          "fontSize": 24,
          "backgroundColor": { "color": { "r": 196, "g": 196, "b": 196 } },
          "lineHeight": 1,
          "textAlign": "left",
          "padding": { "locked": true, "horizontal": 0, "vertical": 0 },
          "title": "",
          "content": "<span style=\"font-weight: 700; color: #fff; text-transform: uppercase\">L10N_PLACEHOLDER_2_1</span>",
          "width": 316,
          "height": 24,
          "scale": 100,
          "focalX": 50,
          "focalY": 50,
          "basedOn": "2a187a24-c4ae-4a0d-9911-cb60d11bb02b",
          "id": "68b0dbfc-c986-4267-b96e-b2bc025d56c9",
          "x": 42,
          "y": 461,
          "type": "text"
        }
      ],
      "animations": [],
      "backgroundOverlay": "none",
      "backgroundColor": { "color": { "r": 21, "g": 22, "b": 22 } },
      "type": "page",
      "id": "266aff79-1125-4ffd-a4e5-9100541c1b5f",
      "defaultBackgroundElement": {
        "opacity": 100,
        "flip": { "vertical": false, "horizontal": false },
        "rotationAngle": 0,
        "lockAspectRatio": true,
        "backgroundColor": { "color": { "r": 255, "g": 255, "b": 255 } },
        "x": 1,
        "y": 1,
        "width": 1,
        "height": 1,
        "mask": { "type": "rectangle" },
        "isBackground": true,
        "isDefaultBackground": true,
        "id": "d9915c74-6777-4322-aedc-0f5998f82781",
        "type": "shape"
      }
    },
    {
      "elements": [
        {
          "opacity": 100,
          "flip": { "vertical": false, "horizontal": false },
          "rotationAngle": 0,
          "lockAspectRatio": true,
          "backgroundColor": { "color": { "r": 255, "g": 255, "b": 255 } },
          "x": -40,
          "y": 13,
          "width": 330,
          "height": 586,
          "mask": { "type": "rectangle" },
          "isBackground": true,
          "id": "20c8b7f3-ef75-4f02-b4b3-6e272167f84b",
          "type": "video",
          "scale": 100,
          "focalX": 50,
          "focalY": 50,
          "resource": {
            "type": "video",
            "mimeType": "video/mp4",
            "src": "https://replaceme.com/images/demo-story/video-2.mp4",
            "width": 824,
            "height": 1464,
            "poster": "https://replaceme.com/images/demo-story/video-2-poster.jpeg",
            "posterId": 12833,
            "id": 12832,
            "length": 9,
            "lengthFormatted": "0:09",
            "title": "",
            "alt": "",
            "sizes": [],
            "isExternal": false
          }
        },
        {
          "opacity": 84,
          "flip": { "vertical": false, "horizontal": false },
          "rotationAngle": 0,
          "lockAspectRatio": true,
          "backgroundTextMode": "NONE",
          "font": {
            "family": "Poppins",
            "service": "fonts.google.com",
            "fallbacks": ["sans-serif"],
            "weights": [100, 200, 300, 400, 500, 600, 700, 800, 900],
            "styles": ["italic", "regular"],
            "variants": [
              [0, 100],
              [0, 200],
              [0, 300],
              [0, 400],
              [0, 500],
              [0, 600],
              [0, 700],
              [0, 800],
              [0, 900],
              [1, 100],
              [1, 200],
              [1, 300],
              [1, 400],
              [1, 500],
              [1, 600],
              [1, 700],
              [1, 800],
              [1, 900]
            ]
          },
          "fontSize": 20,
          "backgroundColor": { "color": { "r": 196, "g": 196, "b": 196 } },
          "lineHeight": 1.3,
          "textAlign": "left",
          "padding": { "locked": true, "horizontal": 0, "vertical": 0 },
          "title": "",
          "content": "<span style=\"color: #fff\">L10N_PLACEHOLDER_3_2</span>",
          "width": 328,
          "height": 104,
          "scale": 100,
          "focalX": 50,
          "focalY": 50,
          "type": "text",
          "basedOn": "004a2890-04b2-4cea-aa73-961f2450507f",
          "id": "8352409b-8d75-45b1-8a56-bd2f57c81a7f",
          "x": 42,
          "y": 501
        },
        {
          "opacity": 84,
          "flip": { "vertical": false, "horizontal": false },
          "rotationAngle": 0,
          "lockAspectRatio": true,
          "backgroundTextMode": "NONE",
          "font": {
            "family": "Poppins",
            "service": "fonts.google.com",
            "fallbacks": ["sans-serif"],
            "weights": [100, 200, 300, 400, 500, 600, 700, 800, 900],
            "styles": ["italic", "regular"],
            "variants": [
              [0, 100],
              [0, 200],
              [0, 300],
              [0, 400],
              [0, 500],
              [0, 600],
              [0, 700],
              [0, 800],
              [0, 900],
              [1, 100],
              [1, 200],
              [1, 300],
              [1, 400],
              [1, 500],
              [1, 600],
              [1, 700],
              [1, 800],
              [1, 900]
            ]
          },
          "fontSize": 24,
          "backgroundColor": { "color": { "r": 196, "g": 196, "b": 196 } },
          "lineHeight": 1,
          "textAlign": "left",
          "padding": { "locked": true, "horizontal": 0, "vertical": 0 },
          "title": "",
          "content": "<span style=\"font-weight: 700; color: #fff; text-transform: uppercase\">L10N_PLACEHOLDER_3_1</span>",
          "width": 327,
          "height": 24,
          "scale": 100,
          "focalX": 50,
          "focalY": 50,
          "type": "text",
          "basedOn": "68b0dbfc-c986-4267-b96e-b2bc025d56c9",
          "id": "2619d1cc-3328-4683-a5ea-3e6f07f9b5ba",
          "x": 43,
          "y": 462
        }
      ],
      "animations": [],
      "backgroundOverlay": "none",
      "backgroundColor": { "color": { "r": 21, "g": 22, "b": 22 } },
      "type": "page",
      "id": "9d8b64c3-5692-4e4c-ae46-785e23613db1",
      "defaultBackgroundElement": {
        "opacity": 100,
        "flip": { "vertical": false, "horizontal": false },
        "rotationAngle": 0,
        "lockAspectRatio": true,
        "backgroundColor": { "color": { "r": 255, "g": 255, "b": 255 } },
        "x": 1,
        "y": 1,
        "width": 1,
        "height": 1,
        "mask": { "type": "rectangle" },
        "isBackground": true,
        "isDefaultBackground": true,
        "id": "e9ddfe89-4c10-43cf-8892-bc49d52a90a5",
        "type": "shape"
      }
    },
    {
      "elements": [
        {
          "opacity": 100,
          "flip": { "vertical": false, "horizontal": false },
          "rotationAngle": 0,
          "lockAspectRatio": true,
          "backgroundColor": { "color": { "r": 255, "g": 255, "b": 255 } },
          "x": -12,
          "y": 8,
          "width": 330,
          "height": 586,
          "mask": { "type": "rectangle" },
          "isBackground": true,
          "id": "4b1780d0-1edf-4e1c-a3a0-77d91fb5243d",
          "type": "video",
          "scale": 100,
          "focalX": 50,
          "focalY": 50,
          "resource": {
            "type": "video",
            "mimeType": "video/mp4",
            "src": "https://replaceme.com/images/demo-story/video-3.mp4",
            "width": 824,
            "height": 1464,
            "poster": "https://replaceme.com/images/demo-story/video-3-poster.jpeg",
            "posterId": 12806,
            "id": 12805,
            "length": 9,
            "lengthFormatted": "0:09",
            "title": "",
            "alt": "",
            "sizes": [],
            "isExternal": false
          }
        },
        {
          "opacity": 84,
          "flip": { "vertical": false, "horizontal": false },
          "rotationAngle": 0,
          "lockAspectRatio": false,
          "backgroundTextMode": "NONE",
          "font": {
            "family": "Poppins",
            "service": "fonts.google.com",
            "fallbacks": ["sans-serif"],
            "weights": [100, 200, 300, 400, 500, 600, 700, 800, 900],
            "styles": ["italic", "regular"],
            "variants": [
              [0, 100],
              [0, 200],
              [0, 300],
              [0, 400],
              [0, 500],
              [0, 600],
              [0, 700],
              [0, 800],
              [0, 900],
              [1, 100],
              [1, 200],
              [1, 300],
              [1, 400],
              [1, 500],
              [1, 600],
              [1, 700],
              [1, 800],
              [1, 900]
            ]
          },
          "fontSize": 20,
          "backgroundColor": { "color": { "r": 196, "g": 196, "b": 196 } },
          "lineHeight": 1.3,
          "textAlign": "left",
          "padding": { "locked": true, "horizontal": 0, "vertical": 0 },
          "x": 42,
          "y": 501,
          "id": "f8b4a07c-1f1b-4140-945c-66a729bd77ae",
          "basedOn": "2a187a24-c4ae-4a0d-9911-cb60d11bb02b",
          "title": "",
          "content": "<span style=\"font-weight: 400; color: #fff\">L10N_PLACEHOLDER_4_2</span>",
          "width": 328,
          "height": 104,
          "scale": 100,
          "focalX": 50,
          "focalY": 50,
          "type": "text",
          "marginOffset": 0
        },
        {
          "opacity": 84,
          "flip": { "vertical": false, "horizontal": false },
          "rotationAngle": 0,
          "lockAspectRatio": true,
          "backgroundTextMode": "NONE",
          "font": {
            "family": "Poppins",
            "service": "fonts.google.com",
            "fallbacks": ["sans-serif"],
            "weights": [100, 200, 300, 400, 500, 600, 700, 800, 900],
            "styles": ["italic", "regular"],
            "variants": [
              [0, 100],
              [0, 200],
              [0, 300],
              [0, 400],
              [0, 500],
              [0, 600],
              [0, 700],
              [0, 800],
              [0, 900],
              [1, 100],
              [1, 200],
              [1, 300],
              [1, 400],
              [1, 500],
              [1, 600],
              [1, 700],
              [1, 800],
              [1, 900]
            ]
          },
          "fontSize": 24,
          "backgroundColor": { "color": { "r": 196, "g": 196, "b": 196 } },
          "lineHeight": 1,
          "textAlign": "left",
          "padding": { "locked": true, "horizontal": 0, "vertical": 0 },
          "title": "",
          "content": "<span style=\"font-weight: 700; color: #fff; text-transform: uppercase\">L10N_PLACEHOLDER_4_1</span>",
          "width": 310,
          "height": 24,
          "scale": 100,
          "focalX": 50,
          "focalY": 50,
          "basedOn": "2a187a24-c4ae-4a0d-9911-cb60d11bb02b",
          "id": "00b5e9e3-1134-4407-974c-8f0f0770eb19",
          "x": 42,
          "y": 461,
          "type": "text"
        }
      ],
      "animations": [],
      "backgroundOverlay": "none",
      "backgroundColor": { "color": { "r": 74, "g": 64, "b": 177 } },
      "type": "page",
      "id": "f3d54fcf-e8ae-4232-b400-465c81953282",
      "defaultBackgroundElement": {
        "opacity": 100,
        "flip": { "vertical": false, "horizontal": false },
        "rotationAngle": 0,
        "lockAspectRatio": true,
        "backgroundColor": { "color": { "r": 255, "g": 255, "b": 255 } },
        "x": 1,
        "y": 1,
        "width": 1,
        "height": 1,
        "mask": { "type": "rectangle" },
        "isBackground": true,
        "isDefaultBackground": true,
        "id": "e8eb4129-84a9-4e15-b9f9-611e2ef238da",
        "type": "shape"
      }
    },
    {
      "elements": [
        {
          "opacity": 100,
          "flip": { "vertical": false, "horizontal": false },
          "rotationAngle": 0,
          "lockAspectRatio": true,
          "backgroundColor": { "color": { "r": 255, "g": 255, "b": 255 } },
          "x": -33,
          "y": 8,
          "width": 330,
          "height": 586,
          "mask": { "type": "rectangle" },
          "isBackground": true,
          "id": "c412199f-d6f5-45cc-8ad8-c4020c3968ad",
          "type": "video",
          "scale": 100,
          "focalX": 50,
          "focalY": 50,
          "resource": {
            "type": "video",
            "mimeType": "video/mp4",
            "src": "https://replaceme.com/images/demo-story/video-4.mp4",
            "width": 824,
            "height": 1464,
            "poster": "https://replaceme.com/images/demo-story/video-4-poster.jpeg",
            "posterId": 12809,
            "id": 12808,
            "length": 6,
            "lengthFormatted": "0:06",
            "title": "",
            "alt": "",
            "sizes": [],
            "isExternal": false
          }
        },
        {
          "opacity": 84,
          "flip": { "vertical": false, "horizontal": false },
          "rotationAngle": 0,
          "lockAspectRatio": true,
          "backgroundTextMode": "NONE",
          "font": {
            "family": "Poppins",
            "service": "fonts.google.com",
            "fallbacks": ["sans-serif"],
            "weights": [100, 200, 300, 400, 500, 600, 700, 800, 900],
            "styles": ["italic", "regular"],
            "variants": [
              [0, 100],
              [0, 200],
              [0, 300],
              [0, 400],
              [0, 500],
              [0, 600],
              [0, 700],
              [0, 800],
              [0, 900],
              [1, 100],
              [1, 200],
              [1, 300],
              [1, 400],
              [1, 500],
              [1, 600],
              [1, 700],
              [1, 800],
              [1, 900]
            ]
          },
          "fontSize": 20,
          "backgroundColor": { "color": { "r": 196, "g": 196, "b": 196 } },
          "lineHeight": 1.3,
          "textAlign": "left",
          "padding": { "locked": true, "horizontal": 0, "vertical": 0 },
          "x": 42,
          "y": 501,
          "id": "8abc8e46-48f4-4a57-8396-3a74d5fa0790",
          "basedOn": "2a187a24-c4ae-4a0d-9911-cb60d11bb02b",
          "title": "",
          "content": "<span style=\"font-weight: 400; color: #fff\">L10N_PLACEHOLDER_5_2</span>",
          "width": 326,
          "height": 104,
          "scale": 100,
          "focalX": 50,
          "focalY": 50,
          "type": "text"
        },
        {
          "opacity": 84,
          "flip": { "vertical": false, "horizontal": false },
          "rotationAngle": 0,
          "lockAspectRatio": true,
          "backgroundTextMode": "NONE",
          "font": {
            "family": "Poppins",
            "service": "fonts.google.com",
            "fallbacks": ["sans-serif"],
            "weights": [100, 200, 300, 400, 500, 600, 700, 800, 900],
            "styles": ["italic", "regular"],
            "variants": [
              [0, 100],
              [0, 200],
              [0, 300],
              [0, 400],
              [0, 500],
              [0, 600],
              [0, 700],
              [0, 800],
              [0, 900],
              [1, 100],
              [1, 200],
              [1, 300],
              [1, 400],
              [1, 500],
              [1, 600],
              [1, 700],
              [1, 800],
              [1, 900]
            ]
          },
          "fontSize": 24,
          "backgroundColor": { "color": { "r": 196, "g": 196, "b": 196 } },
          "lineHeight": 1,
          "textAlign": "left",
          "padding": { "locked": true, "horizontal": 0, "vertical": 0 },
          "title": "",
          "content": "<span style=\"font-weight: 700; color: #fff; text-transform: uppercase\">L10N_PLACEHOLDER_5_1</span>",
          "width": 230,
          "height": 24,
          "scale": 100,
          "focalX": 50,
          "focalY": 50,
          "basedOn": "2a187a24-c4ae-4a0d-9911-cb60d11bb02b",
          "id": "8f0b5de9-1252-4dab-9596-d1bc7dd45e1c",
          "x": 42,
          "y": 461,
          "type": "text"
        }
      ],
      "animations": [],
      "backgroundOverlay": "none",
      "backgroundColor": { "color": { "r": 21, "g": 22, "b": 22 } },
      "type": "page",
      "id": "6728de08-eedb-40a2-9a3a-604ff4c87214",
      "defaultBackgroundElement": {
        "opacity": 100,
        "flip": { "vertical": false, "horizontal": false },
        "rotationAngle": 0,
        "lockAspectRatio": true,
        "backgroundColor": { "color": { "r": 255, "g": 255, "b": 255 } },
        "x": 1,
        "y": 1,
        "width": 1,
        "height": 1,
        "mask": { "type": "rectangle" },
        "isBackground": true,
        "isDefaultBackground": true,
        "id": "f9a4110f-8c26-41cc-b36f-3144ae5570c7",
        "type": "shape"
      }
    },
    {
      "elements": [
        {
          "opacity": 100,
          "flip": { "vertical": false, "horizontal": false },
          "rotationAngle": 0,
          "lockAspectRatio": true,
          "backgroundColor": { "color": { "r": 255, "g": 255, "b": 255 } },
          "x": -29,
          "y": 15,
          "width": 330,
          "height": 586,
          "mask": { "type": "rectangle" },
          "isBackground": true,
          "id": "c412199f-d6f5-45cc-8ad8-c4020c3968ad",
          "type": "video",
          "scale": 100,
          "focalX": 50,
          "focalY": 50,
          "resource": {
            "type": "video",
            "mimeType": "video/mp4",
            "src": "https://replaceme.com/images/demo-story/video-5.mp4",
            "width": 824,
            "height": 1464,
            "poster": "https://replaceme.com/images/demo-story/video-5-poster.jpeg",
            "posterId": 12813,
            "id": 12812,
            "length": 3,
            "lengthFormatted": "0:03",
            "title": "",
            "alt": "",
            "sizes": [],
            "isExternal": false
          }
        },
        {
          "opacity": 84,
          "flip": { "vertical": false, "horizontal": false },
          "rotationAngle": 0,
          "lockAspectRatio": true,
          "backgroundTextMode": "NONE",
          "font": {
            "family": "Poppins",
            "service": "fonts.google.com",
            "fallbacks": ["sans-serif"],
            "weights": [100, 200, 300, 400, 500, 600, 700, 800, 900],
            "styles": ["italic", "regular"],
            "variants": [
              [0, 100],
              [0, 200],
              [0, 300],
              [0, 400],
              [0, 500],
              [0, 600],
              [0, 700],
              [0, 800],
              [0, 900],
              [1, 100],
              [1, 200],
              [1, 300],
              [1, 400],
              [1, 500],
              [1, 600],
              [1, 700],
              [1, 800],
              [1, 900]
            ]
          },
          "fontSize": 20,
          "backgroundColor": { "color": { "r": 196, "g": 196, "b": 196 } },
          "lineHeight": 1.3,
          "textAlign": "left",
          "padding": { "locked": true, "horizontal": 0, "vertical": 0 },
          "x": 42,
          "y": 501,
          "id": "3cdc3e2c-80b9-4946-b0c6-5d473ffe127d",
          "basedOn": "2a187a24-c4ae-4a0d-9911-cb60d11bb02b",
          "title": "",
          "content": "<span style=\"font-weight: 400; color: #fff\">L10N_PLACEHOLDER_6_2</span>",
          "width": 322,
          "height": 104,
          "scale": 100,
          "focalX": 50,
          "focalY": 50,
          "type": "text"
        },
        {
          "opacity": 84,
          "flip": { "vertical": false, "horizontal": false },
          "rotationAngle": 0,
          "lockAspectRatio": true,
          "backgroundTextMode": "NONE",
          "font": {
            "family": "Poppins",
            "service": "fonts.google.com",
            "fallbacks": ["sans-serif"],
            "weights": [100, 200, 300, 400, 500, 600, 700, 800, 900],
            "styles": ["italic", "regular"],
            "variants": [
              [0, 100],
              [0, 200],
              [0, 300],
              [0, 400],
              [0, 500],
              [0, 600],
              [0, 700],
              [0, 800],
              [0, 900],
              [1, 100],
              [1, 200],
              [1, 300],
              [1, 400],
              [1, 500],
              [1, 600],
              [1, 700],
              [1, 800],
              [1, 900]
            ]
          },
          "fontSize": 24,
          "backgroundColor": { "color": { "r": 196, "g": 196, "b": 196 } },
          "lineHeight": 1,
          "textAlign": "left",
          "padding": { "locked": true, "horizontal": 0, "vertical": 0 },
          "title": "",
          "content": "<span style=\"font-weight: 700; color: #fff; text-transform: uppercase\">L10N_PLACEHOLDER_6_1</span>",
          "width": 281,
          "height": 24,
          "scale": 100,
          "focalX": 50,
          "focalY": 50,
          "basedOn": "2a187a24-c4ae-4a0d-9911-cb60d11bb02b",
          "id": "7d453d81-a14d-4420-b143-6a39854dceea",
          "x": 42,
          "y": 461,
          "type": "text"
        }
      ],
      "animations": [],
      "backgroundOverlay": "none",
      "backgroundColor": { "color": { "r": 21, "g": 22, "b": 22 } },
      "type": "page",
      "id": "87eb274d-a2dd-495f-add0-ad681cf757f5",
      "defaultBackgroundElement": {
        "opacity": 100,
        "flip": { "vertical": false, "horizontal": false },
        "rotationAngle": 0,
        "lockAspectRatio": true,
        "backgroundColor": { "color": { "r": 255, "g": 255, "b": 255 } },
        "x": 1,
        "y": 1,
        "width": 1,
        "height": 1,
        "mask": { "type": "rectangle" },
        "isBackground": true,
        "isDefaultBackground": true,
        "id": "e730f3df-a4f3-4415-9dea-820aa8cde222",
        "type": "shape"
      }
    },
    {
      "elements": [
        {
          "opacity": 100,
          "flip": { "vertical": false, "horizontal": false },
          "rotationAngle": 0,
          "lockAspectRatio": true,
          "backgroundColor": { "color": { "r": 255, "g": 255, "b": 255 } },
          "x": -3,
          "y": 15,
          "width": 330,
          "height": 586,
          "mask": { "type": "rectangle" },
          "isBackground": true,
          "id": "c412199f-d6f5-45cc-8ad8-c4020c3968ad",
          "type": "video",
          "scale": 100,
          "focalX": 50,
          "focalY": 50,
          "resource": {
            "type": "video",
            "mimeType": "video/mp4",
            "src": "https://replaceme.com/images/demo-story/video-6.mp4",
            "width": 824,
            "height": 1464,
            "poster": "https://replaceme.com/images/demo-story/video-6-poster.jpeg",
            "posterId": 12816,
            "id": 12815,
            "length": 22,
            "lengthFormatted": "0:22",
            "title": "",
            "alt": "",
            "sizes": [],
            "isExternal": false
          }
        },
        {
          "opacity": 84,
          "flip": { "vertical": false, "horizontal": false },
          "rotationAngle": 0,
          "lockAspectRatio": true,
          "backgroundTextMode": "NONE",
          "font": {
            "family": "Poppins",
            "service": "fonts.google.com",
            "fallbacks": ["sans-serif"],
            "weights": [100, 200, 300, 400, 500, 600, 700, 800, 900],
            "styles": ["italic", "regular"],
            "variants": [
              [0, 100],
              [0, 200],
              [0, 300],
              [0, 400],
              [0, 500],
              [0, 600],
              [0, 700],
              [0, 800],
              [0, 900],
              [1, 100],
              [1, 200],
              [1, 300],
              [1, 400],
              [1, 500],
              [1, 600],
              [1, 700],
              [1, 800],
              [1, 900]
            ]
          },
          "fontSize": 20,
          "backgroundColor": { "color": { "r": 196, "g": 196, "b": 196 } },
          "lineHeight": 1.3,
          "textAlign": "left",
          "padding": { "locked": true, "horizontal": 0, "vertical": 0 },
          "x": 42,
          "y": 501,
          "id": "0108f423-121e-41e7-8fb9-68da265caaba",
          "basedOn": "2a187a24-c4ae-4a0d-9911-cb60d11bb02b",
          "title": "",
          "content": "<span style=\"font-weight: 400; color: #fff\">L10N_PLACEHOLDER_7_2</span>",
          "width": 318,
          "height": 104,
          "scale": 100,
          "focalX": 50,
          "focalY": 50,
          "type": "text"
        },
        {
          "opacity": 84,
          "flip": { "vertical": false, "horizontal": false },
          "rotationAngle": 0,
          "lockAspectRatio": true,
          "backgroundTextMode": "NONE",
          "font": {
            "family": "Poppins",
            "service": "fonts.google.com",
            "fallbacks": ["sans-serif"],
            "weights": [100, 200, 300, 400, 500, 600, 700, 800, 900],
            "styles": ["italic", "regular"],
            "variants": [
              [0, 100],
              [0, 200],
              [0, 300],
              [0, 400],
              [0, 500],
              [0, 600],
              [0, 700],
              [0, 800],
              [0, 900],
              [1, 100],
              [1, 200],
              [1, 300],
              [1, 400],
              [1, 500],
              [1, 600],
              [1, 700],
              [1, 800],
              [1, 900]
            ]
          },
          "fontSize": 24,
          "backgroundColor": { "color": { "r": 196, "g": 196, "b": 196 } },
          "lineHeight": 1,
          "textAlign": "left",
          "padding": { "locked": true, "horizontal": 0, "vertical": 0 },
          "title": "",
          "content": "<span style=\"font-weight: 700; color: #fff; text-transform: uppercase\">L10N_PLACEHOLDER_7_1</span>",
          "width": 282,
          "height": 24,
          "scale": 100,
          "focalX": 50,
          "focalY": 50,
          "basedOn": "2a187a24-c4ae-4a0d-9911-cb60d11bb02b",
          "id": "bee50053-183a-43dc-95cd-dcfa6817f4e6",
          "x": 42,
          "y": 461,
          "type": "text"
        }
      ],
      "animations": [],
      "backgroundOverlay": "none",
      "backgroundColor": { "color": { "r": 21, "g": 22, "b": 22 } },
      "type": "page",
      "id": "f79a3e34-81ab-4165-a2aa-83da192b1e9d",
      "defaultBackgroundElement": {
        "opacity": 100,
        "flip": { "vertical": false, "horizontal": false },
        "rotationAngle": 0,
        "lockAspectRatio": true,
        "backgroundColor": { "color": { "r": 255, "g": 255, "b": 255 } },
        "x": 1,
        "y": 1,
        "width": 1,
        "height": 1,
        "mask": { "type": "rectangle" },
        "isBackground": true,
        "isDefaultBackground": true,
        "id": "a5b02ad2-9692-4794-a206-0da280de8e11",
        "type": "shape"
      }
    },
    {
      "elements": [
        {
          "opacity": 100,
          "flip": { "vertical": false, "horizontal": false },
          "rotationAngle": 0,
          "lockAspectRatio": true,
          "backgroundColor": { "color": { "r": 255, "g": 255, "b": 255 } },
          "x": -16,
          "y": 11,
          "width": 330,
          "height": 586,
          "mask": { "type": "rectangle" },
          "isBackground": true,
          "id": "1c6ec285-92e7-41f8-b140-722e3a2fab3b",
          "type": "video",
          "scale": 100,
          "focalX": 50,
          "focalY": 50,
          "resource": {
            "type": "video",
            "mimeType": "video/mp4",
            "src": "https://replaceme.com/images/demo-story/video-7.mp4",
            "width": 824,
            "height": 1464,
            "poster": "https://replaceme.com/images/demo-story/video-7-poster.jpeg",
            "posterId": 12819,
            "id": 12818,
            "length": 10,
            "lengthFormatted": "0:10",
            "title": "",
            "alt": "",
            "sizes": [],
            "isExternal": false
          },
          "overlay": null
        },
        {
          "opacity": 84,
          "flip": { "vertical": false, "horizontal": false },
          "rotationAngle": 0,
          "lockAspectRatio": true,
          "backgroundTextMode": "NONE",
          "font": {
            "family": "Poppins",
            "service": "fonts.google.com",
            "fallbacks": ["sans-serif"],
            "weights": [100, 200, 300, 400, 500, 600, 700, 800, 900],
            "styles": ["italic", "regular"],
            "variants": [
              [0, 100],
              [0, 200],
              [0, 300],
              [0, 400],
              [0, 500],
              [0, 600],
              [0, 700],
              [0, 800],
              [0, 900],
              [1, 100],
              [1, 200],
              [1, 300],
              [1, 400],
              [1, 500],
              [1, 600],
              [1, 700],
              [1, 800],
              [1, 900]
            ]
          },
          "fontSize": 19,
          "backgroundColor": { "color": { "r": 196, "g": 196, "b": 196 } },
          "lineHeight": 1.3,
          "textAlign": "left",
          "padding": { "locked": true, "horizontal": 0, "vertical": 0 },
          "x": 42,
          "y": 501,
          "id": "5542ba59-9388-49fc-b7e1-f2ec50c047a9",
          "basedOn": "2a187a24-c4ae-4a0d-9911-cb60d11bb02b",
          "title": "",
          "content": "<span style=\"font-weight: 400; color: #fff\">L10N_PLACEHOLDER_8_2</span>",
          "width": 330,
          "height": 96,
          "scale": 100,
          "focalX": 50,
          "focalY": 50,
          "type": "text"
        },
        {
          "opacity": 84,
          "flip": { "vertical": false, "horizontal": false },
          "rotationAngle": 0,
          "lockAspectRatio": true,
          "backgroundTextMode": "NONE",
          "font": {
            "family": "Poppins",
            "service": "fonts.google.com",
            "fallbacks": ["sans-serif"],
            "weights": [100, 200, 300, 400, 500, 600, 700, 800, 900],
            "styles": ["italic", "regular"],
            "variants": [
              [0, 100],
              [0, 200],
              [0, 300],
              [0, 400],
              [0, 500],
              [0, 600],
              [0, 700],
              [0, 800],
              [0, 900],
              [1, 100],
              [1, 200],
              [1, 300],
              [1, 400],
              [1, 500],
              [1, 600],
              [1, 700],
              [1, 800],
              [1, 900]
            ]
          },
          "fontSize": 24,
          "backgroundColor": { "color": { "r": 196, "g": 196, "b": 196 } },
          "lineHeight": 1,
          "textAlign": "left",
          "padding": { "locked": true, "horizontal": 0, "vertical": 0 },
          "title": "",
          "content": "<span style=\"font-weight: 700; color: #fff; text-transform: uppercase\">L10N_PLACEHOLDER_8_1</span>",
          "width": 321,
          "height": 24,
          "scale": 100,
          "focalX": 50,
          "focalY": 50,
          "basedOn": "2a187a24-c4ae-4a0d-9911-cb60d11bb02b",
          "id": "86baa049-1a48-44ae-a82c-08ba93244754",
          "x": 42,
          "y": 461,
          "type": "text"
        }
      ],
      "animations": [],
      "backgroundOverlay": "none",
      "backgroundColor": { "color": { "r": 21, "g": 22, "b": 22 } },
      "type": "page",
      "id": "4cbf7ec8-cf12-4ff2-bfb0-3bef7f3d76cb",
      "defaultBackgroundElement": {
        "opacity": 100,
        "flip": { "vertical": false, "horizontal": false },
        "rotationAngle": 0,
        "lockAspectRatio": true,
        "backgroundColor": { "color": { "r": 255, "g": 255, "b": 255 } },
        "x": 1,
        "y": 1,
        "width": 1,
        "height": 1,
        "mask": { "type": "rectangle" },
        "isBackground": true,
        "isDefaultBackground": true,
        "id": "d82bbd0e-7539-48df-9cc5-158424a4a3d1",
        "type": "shape"
      }
    },
    {
      "elements": [
        {
          "opacity": 100,
          "flip": { "vertical": false, "horizontal": false },
          "rotationAngle": 0,
          "lockAspectRatio": true,
          "backgroundColor": { "color": { "r": 255, "g": 255, "b": 255 } },
          "x": 48,
          "y": 0,
          "width": 330,
          "height": 538,
          "mask": { "type": "rectangle" },
          "isBackground": true,
          "id": "c412199f-d6f5-45cc-8ad8-c4020c3968ad",
          "type": "image",
          "scale": 124,
          "focalX": 38.51180131399874,
          "focalY": 51.981874424803884,
          "resource": {
            "type": "image",
            "mimeType": "image/png",
            "creationDate": "2020-09-22T04:07:58",
            "src": "https://replaceme.com/images/demo-story/image-2.png",
            "width": 330,
            "height": 538,
            "posterId": 0,
            "id": 12730,
            "title": "",
            "alt": "",
            "sizes": [],
            "isExternal": false
          }
        },
        {
          "opacity": 100,
          "flip": { "vertical": false, "horizontal": false },
          "rotationAngle": 0,
          "lockAspectRatio": true,
          "backgroundTextMode": "NONE",
          "font": {
            "family": "Poppins",
            "service": "fonts.google.com",
            "fallbacks": ["sans-serif"],
            "weights": [100, 200, 300, 400, 500, 600, 700, 800, 900],
            "styles": ["italic", "regular"],
            "variants": [
              [0, 100],
              [0, 200],
              [0, 300],
              [0, 400],
              [0, 500],
              [0, 600],
              [0, 700],
              [0, 800],
              [0, 900],
              [1, 100],
              [1, 200],
              [1, 300],
              [1, 400],
              [1, 500],
              [1, 600],
              [1, 700],
              [1, 800],
              [1, 900]
            ]
          },
          "fontSize": 38,
          "backgroundColor": { "color": { "r": 196, "g": 196, "b": 196 } },
          "lineHeight": 1,
          "textAlign": "initial",
          "padding": { "locked": true, "horizontal": 0, "vertical": 0 },
          "type": "text",
          "title": "",
          "content": "<span style=\"font-weight: 700; color: #fff; text-transform: uppercase\">L10N_PLACEHOLDER_9_1</span>",
          "width": 313,
          "height": 190,
          "scale": 100,
          "focalX": 50,
          "focalY": 50,
          "basedOn": "0e74eb8a-5f77-4f1c-a68f-c2f52f786679",
          "id": "0106c119-e3d1-416f-92e4-b3f5b7e6c2c5",
          "x": 49,
          "y": 292
        },
        {
          "opacity": 100,
          "flip": { "vertical": false, "horizontal": false },
          "rotationAngle": 0,
          "lockAspectRatio": false,
          "backgroundColor": { "color": { "r": 255, "g": 117, "b": 52 } },
          "type": "shape",
          "width": 30,
          "height": 4,
          "scale": 100,
          "focalX": 50,
          "focalY": 50,
          "mask": { "type": "rectangle" },
          "basedOn": "4ce80a9c-b414-4924-9f0e-29451a6b1a8c",
          "id": "9acf6b79-00a8-4264-854d-63a465f0a8c7",
          "x": 48.5,
          "y": 518
        },
        {
          "opacity": 100,
          "flip": { "vertical": false, "horizontal": false },
          "rotationAngle": 0,
          "lockAspectRatio": true,
          "backgroundTextMode": "NONE",
          "font": {
            "family": "Poppins",
            "service": "fonts.google.com",
            "fallbacks": ["sans-serif"],
            "weights": [100, 200, 300, 400, 500, 600, 700, 800, 900],
            "styles": ["italic", "regular"],
            "variants": [
              [0, 100],
              [1, 100],
              [0, 200],
              [1, 200],
              [0, 300],
              [1, 300],
              [0, 400],
              [1, 400],
              [0, 500],
              [1, 500],
              [0, 600],
              [1, 600],
              [0, 700],
              [1, 700],
              [0, 800],
              [1, 800],
              [0, 900],
              [1, 900]
            ]
          },
          "fontSize": 18,
          "backgroundColor": { "color": { "r": 196, "g": 196, "b": 196 } },
          "lineHeight": 1.3,
          "textAlign": "initial",
          "padding": { "locked": true, "horizontal": 0, "vertical": 0 },
          "type": "text",
          "id": "e59aa680-9a49-439a-98fd-18660d8dfa21",
          "content": "<span style=\"color: #fff\">bit.ly/storybestpractices</span>",
          "x": 49,
          "y": 536,
          "width": 226,
          "height": 23,
          "scale": 100,
          "focalX": 50,
          "focalY": 50,
          "link": {
            "url": "L10N_PLACEHOLDER_9_2",
            "icon": "https://amp.dev/static/img/sharing/docs-guide-600x314.png",
            "desc": "L10N_PLACEHOLDER_9_3"
          }
        }
      ],
      "animations": [],
      "backgroundOverlay": "none",
      "backgroundColor": { "color": { "r": 21, "g": 22, "b": 22 } },
      "type": "page",
      "id": "17fc30f7-8968-41a2-aaef-c7a1be1b753c",
      "defaultBackgroundElement": {
        "opacity": 100,
        "flip": { "vertical": false, "horizontal": false },
        "rotationAngle": 0,
        "lockAspectRatio": true,
        "backgroundColor": { "color": { "r": 255, "g": 255, "b": 255 } },
        "x": 1,
        "y": 1,
        "width": 1,
        "height": 1,
        "mask": { "type": "rectangle" },
        "isBackground": true,
        "isDefaultBackground": true,
        "id": "b37b1843-756e-48e4-b497-2680412c1381",
        "type": "shape"
      }
    }
  ],
  "autoAdvance": false,
  "defaultPageDuration": 7
}
